{"client":"Thunder Client","collectionName":"feelfreetocode course website ","dateExported":"2021-06-05T18:08:49.876Z","version":"1.1","folders":[{"containerId":"","sortNum":10000,"name":"categories","_id":"3ae5684c-4459-424e-a37e-4b90e2a4d0d6","created":"2021-05-27T05:09:08.966Z"},{"containerId":"","sortNum":20000,"name":"courses","_id":"fb05ba65-792b-4390-ad27-c0009af1228c","created":"2021-05-27T05:09:18.986Z"},{"containerId":"","sortNum":30000,"name":"tags","_id":"f378fb7e-4331-4deb-9d0b-5a58384c0151","created":"2021-05-27T05:23:40.066Z"},{"containerId":"","sortNum":40000,"name":"chapters","_id":"a65ebbec-3202-4514-ae6b-f6f6bcfe763d","created":"2021-05-28T18:23:04.261Z"},{"containerId":"","sortNum":50000,"name":"orders","_id":"41c09b0d-8657-497b-990d-c0db259f1d3d","created":"2021-06-03T09:35:12.218Z"}],"requests":[{"containerId":"fb05ba65-792b-4390-ad27-c0009af1228c","sortNum":10000,"headers":[],"colId":"cae68e72-23c9-492f-8436-938299c759a9","name":"courses","url":"http://localhost:8000/api/courses/","method":"GET","modified":"2021-06-05T17:57:21.558Z","created":"2021-05-27T05:08:57.543Z","_id":"145629d8-5923-4615-ae77-7f04192d1e29","tests":[]},{"containerId":"a65ebbec-3202-4514-ae6b-f6f6bcfe763d","sortNum":10000,"headers":[{"name":"Accept","value":"application/json"},{"name":"User-Agent","value":"Thunder Client (https://www.thunderclient.io)"}],"colId":"cae68e72-23c9-492f-8436-938299c759a9","name":"create chapter","url":"http://localhost:8000/api/chapters/","method":"POST","modified":"2021-06-05T08:50:52.676Z","created":"2021-05-25T17:17:24.356Z","_id":"96aa81ee-fe92-44b3-a5a4-8c551cbe7a90","body":{"type":"json","raw":"{\n  \"course\": \"f6c0eecd-ec98-4d99-8b82-e248f421e2e5\",\n  \"parent_chapter\" : \"e1455e0c-ccd3-4664-966f-5cef00b55e4b\",\n  \"chapter_type\" : \"V\",\n  \"video_chapter\" : {\n      \"title\" : \"LEcture 10\", \n      \"description\" : \"http://somthing.com\",\n      \"video_plateform\" : \"Y\",\n      \"video_id\" : \"HY89Dyi\"\n}\n }"},"auth":{"type":"basic","basic":{"username":"virendra","password":"123456789"}},"tests":[]},{"containerId":"3ae5684c-4459-424e-a37e-4b90e2a4d0d6","sortNum":10000,"headers":[{"name":"Accept","value":"*/*"},{"name":"User-Agent","value":"Thunder Client (https://www.thunderclient.io)"}],"colId":"cae68e72-23c9-492f-8436-938299c759a9","name":"category","url":"http://localhost:8000/api/categories/","method":"POST","modified":"2021-05-28T17:18:23.804Z","created":"2021-05-25T16:09:03.142Z","_id":"ac6bfb52-0209-4f25-b13a-1a6964486861","body":{"type":"json","raw":"{\n    \"title\" : \"Category3\", \n    \"slug\" : \"categry3\"\n}"},"auth":{"type":"basic","basic":{"username":"virendra","password":"123456789"}},"tests":[]},{"containerId":"fb05ba65-792b-4390-ad27-c0009af1228c","sortNum":20000,"headers":[{"name":"Accept","value":"*/*"},{"name":"User-Agent","value":"Thunder Client (https://www.thunderclient.io)"}],"colId":"cae68e72-23c9-492f-8436-938299c759a9","name":"Create Course","url":"http://localhost:8000/api/courses/","method":"POST","modified":"2021-06-05T18:03:35.137Z","created":"2021-06-05T17:57:04.552Z","_id":"6f1cd34d-d9c2-4108-97cd-0843416bbcd4","body":{"type":"formdata","raw":"","form":[{"name":"category_id","value":"01476ee6-d469-414a-822d-e868dd92b403"},{"name":"title","value":"some title"},{"name":"slug","value":"simpeddd"},{"name":"instructor","value":"virendra kumar"},{"name":"price","value":"9999"},{"name":"discount","value":"89"},{"name":"duration","value":"20"},{"name":"language","value":"HIndi"}],"files":[{"name":"thumbnail","value":"D:\\feelfreetocode\\thumbnail_website\\8.png"},{"name":"resource","value":"D:\\feelfreetocode\\thumbnail_website\\4.png"}]},"auth":{"type":"basic","basic":{"username":"virendra","password":"123456789"}},"tests":[]},{"containerId":"3ae5684c-4459-424e-a37e-4b90e2a4d0d6","sortNum":20000,"headers":[{"name":"Accept","value":"*/*"},{"name":"User-Agent","value":"Thunder Client (https://www.thunderclient.io)"}],"colId":"cae68e72-23c9-492f-8436-938299c759a9","name":"category","url":"http://localhost:8000/api/courses/categories/","method":"GET","modified":"2021-05-27T05:09:12.022Z","created":"2021-05-25T16:26:04.938Z","_id":"97422c89-d30c-436c-bc5b-9d989a3df97f","tests":[]},{"containerId":"3ae5684c-4459-424e-a37e-4b90e2a4d0d6","sortNum":30000,"headers":[{"name":"Accept","value":"*/*"},{"name":"User-Agent","value":"Thunder Client (https://www.thunderclient.io)"}],"colId":"cae68e72-23c9-492f-8436-938299c759a9","name":"category detail","url":"http://localhost:8000/api/categories/e959e810-4b78-45ef-ac6d-cfbeecc50759","method":"GET","modified":"2021-05-27T05:09:12.903Z","created":"2021-05-25T16:36:16.463Z","_id":"cb377ee4-ef5d-4762-8beb-d8fbe923700d","tests":[]},{"containerId":"3ae5684c-4459-424e-a37e-4b90e2a4d0d6","sortNum":40000,"headers":[{"name":"Accept","value":"*/*"},{"name":"User-Agent","value":"Thunder Client (https://www.thunderclient.io)"}],"colId":"cae68e72-23c9-492f-8436-938299c759a9","name":"Category Update","url":"http://localhost:8000/api/categories/e959e810-4b78-45ef-ac6d-cfbeecc50759","method":"PUT","modified":"2021-05-27T05:09:13.941Z","created":"2021-05-25T16:36:53.962Z","_id":"85bbf9cd-98ed-43b4-9e5f-92ede60c40a7","body":{"type":"json","raw":"{\n    \"slug\" : \"updted-slug\",\n    \"title\" : \"fullstack\"\n}"},"tests":[]},{"containerId":"3ae5684c-4459-424e-a37e-4b90e2a4d0d6","sortNum":50000,"headers":[{"name":"Accept","value":"*/*"},{"name":"User-Agent","value":"Thunder Client (https://www.thunderclient.io)"}],"colId":"cae68e72-23c9-492f-8436-938299c759a9","name":"category delete","url":"http://localhost:8000/api/categories/e959e810-4b78-45ef-ac6d-cfbeecc50759","method":"DELETE","modified":"2021-05-27T05:09:15.036Z","created":"2021-05-25T16:38:33.010Z","_id":"3413bf74-bbd1-42b3-8a6b-99d902cf4acb","tests":[]},{"containerId":"a65ebbec-3202-4514-ae6b-f6f6bcfe763d","sortNum":55000,"headers":[{"name":"Accept","value":"application/json"},{"name":"User-Agent","value":"Thunder Client (https://www.thunderclient.io)"}],"colId":"cae68e72-23c9-492f-8436-938299c759a9","name":"create Child chapter ","url":"http://localhost:8000/api/chapters/","method":"POST","modified":"2021-06-02T02:18:06.422Z","created":"2021-06-02T02:18:06.422Z","_id":"41706e1b-b715-4d17-8ac1-65ea31b9aeae","body":{"type":"json","raw":"{\n  \"course\": \"f6c0eecd-ec98-4d99-8b82-e248f421e2e5\",\n  \"chapter_type\" : \"H\"\n  \n  ,\n  \"heading_chapter\" : {\n      \"title\" : \"Setup OF the course\", \n      \"url\" : \"http://somthing.com\"\n}\n }"},"auth":{"type":"basic","basic":{"username":"virendra","password":"123456789"}},"tests":[]},{"containerId":"f378fb7e-4331-4deb-9d0b-5a58384c0151","sortNum":80000,"headers":[{"name":"Accept","value":"*/*"},{"name":"User-Agent","value":"Thunder Client (https://www.thunderclient.io)"}],"colId":"cae68e72-23c9-492f-8436-938299c759a9","name":"create tag","url":"localhost:8000/api/courses/tags/","method":"POST","modified":"2021-05-27T05:43:04.937Z","created":"2021-05-27T05:23:47.774Z","_id":"a4932b3c-6e8a-48fd-82e2-88dcadc54596","body":{"type":"json","raw":"{\n    \"tag\" :\"tag one moew\",\n    \"course\" : \"f6c0eecd-ec98-4d99-8b82-e248f421e2e5\"\n}"},"auth":{"type":"basic","basic":{"username":"virendra","password":"123456789"}},"tests":[]},{"containerId":"f378fb7e-4331-4deb-9d0b-5a58384c0151","sortNum":90000,"headers":[{"name":"Accept","value":"*/*"},{"name":"User-Agent","value":"Thunder Client (https://www.thunderclient.io)"}],"colId":"cae68e72-23c9-492f-8436-938299c759a9","name":"get tags","url":"localhost:8000/api/courses/tags/3eb437dd-589c-496f-b0d7-ccae66820f05","method":"GET","modified":"2021-05-27T05:43:40.131Z","created":"2021-05-27T05:43:17.994Z","_id":"1f2825d2-df29-4420-a752-2dfee9646f88","tests":[]},{"containerId":"a65ebbec-3202-4514-ae6b-f6f6bcfe763d","sortNum":100000,"headers":[{"name":"Accept","value":"*/*"},{"name":"User-Agent","value":"Thunder Client (https://www.thunderclient.io)"}],"colId":"cae68e72-23c9-492f-8436-938299c759a9","name":"get chaptes","url":"localhost:8000/api/chapters/","method":"GET","modified":"2021-06-01T18:08:58.759Z","created":"2021-05-30T10:53:16.876Z","_id":"4db738c0-b5f9-4fd7-a9e2-156165a965d6","tests":[]},{"containerId":"41c09b0d-8657-497b-990d-c0db259f1d3d","sortNum":110000,"headers":[{"name":"Accept","value":"*/*"},{"name":"User-Agent","value":"Thunder Client (https://www.thunderclient.io)"}],"colId":"cae68e72-23c9-492f-8436-938299c759a9","name":"create order","url":"http://localhost:8000/api/orders/create/","method":"POST","modified":"2021-06-04T04:10:30.464Z","created":"2021-06-03T09:35:18.331Z","_id":"caa50d6f-e164-430b-bf29-642f61357f8a","body":{"type":"json","raw":"{\n     \"course\" :  \"5026bd54-cb03-4803-9e8c-7eef374e6c71\"\n}"},"auth":{"type":"basic","basic":{"username":"user","password":"django@123456789"}},"tests":[]},{"containerId":"41c09b0d-8657-497b-990d-c0db259f1d3d","sortNum":120000,"headers":[{"name":"Accept","value":"*/*"},{"name":"User-Agent","value":"Thunder Client (https://www.thunderclient.io)"}],"colId":"cae68e72-23c9-492f-8436-938299c759a9","name":"verify payment","url":"http://localhost:8000/api/orders/verify/","method":"POST","modified":"2021-06-04T04:43:46.808Z","created":"2021-06-03T17:07:01.193Z","_id":"8caad34b-0a80-4dcf-863a-92a609d10add","body":{"type":"json","raw":"{\"razorpay_payment_id\":\"pay_HIqVAg1Eqdufo1\",\"razorpay_order_id\":\"order_HIqUB1KQ5B5QEd\",\"razorpay_signature\":\"28dcbb368801e7f8991687d7ee950fa6fcd78a86ebfd37c7e60c6f4679d9e91f\",\"org_logo\":\"\",\"org_name\":\"Razorpay Software Private Ltd\",\"checkout_logo\":\"https://cdn.razorpay.com/logo.png\",\"custom_branding\":false}"},"auth":{"type":"basic","basic":{"username":"user","password":"django@123456789"}},"tests":[]},{"containerId":"a65ebbec-3202-4514-ae6b-f6f6bcfe763d","sortNum":130000,"headers":[{"name":"Accept","value":"*/*"},{"name":"User-Agent","value":"Thunder Client (https://www.thunderclient.io)"}],"colId":"cae68e72-23c9-492f-8436-938299c759a9","name":"Single CHapter","url":"http://localhost:8000/api/chapters/b139c3d5-25b6-40e1-aaf5-64114626c4f9/","method":"GET","modified":"2021-06-05T09:41:51.007Z","created":"2021-06-05T08:36:48.617Z","_id":"1abe5095-22e6-4b42-b94d-8a2b4a7cb5db","auth":{"type":"basic","basic":{"username":"user","password":"django@123456789"}},"tests":[]}]}
